primes,N,corrected_returncode,ma_returncode,audit_returncode,same_exps,certified,corrected_wall_seconds,ma_wall_seconds,audit_wall_seconds,corrected_reported_seconds,ma_reported_seconds,ma_phase_seconds,corrected_max_rss_kb,ma_max_rss_kb,ma_wall_over_corrected_wall,ma_reported_over_corrected_reported,ma_A,ma_B,ma_n_square,ma_padded_a,ma_padded_b,ma_band_count,ma_recovered,ma_skipped,corrected_band_count,exps
"2,3,5,7,11",1000000000000,0,0,0,True,True,2.1682510500540957,7.783637494081631,6.957891319063492,1.311531,7.657016,6.381769,428072,1763772,3.589823002224506,5.838227232143197,583828,18731384,18731384,18147556,0,494,True,False,495,"[1052, 26, 33, 53, 4]"
"2,3,5,7,11,13",1000000000000,0,0,0,True,True,0.7397658120607957,3.002908693975769,5.069798765936866,0.659588,2.871815,2.07381,208360,700124,4.0592693593266285,4.3539527705173535,4214806,5166940,5166940,952134,0,503,True,False,503,"[55, 126, 27, 54, 2, 52]"
"2,3,5,7,11,13,17,19",1000000000000,0,0,0,True,True,1.5095816309330985,5.598363665980287,7.719674829975702,1.414761,5.446139,3.902942,365304,1055444,3.7085531191313197,3.8495116843056882,8283636,8512638,8512638,229002,0,480,True,False,471,"[75, 28, 9, 16, 3, 22, 5, 1]"
