primes,N,xplusy_returncode,layer_returncode,layer_audit_returncode,xplusy_audit_returncode,xplusy_wall_seconds,layer_wall_seconds,layer_audit_wall_seconds,xplusy_audit_wall_seconds,xplusy_max_rss_kb,layer_max_rss_kb,xplusy_reported_seconds,layer_reported_seconds,layer_calls,layer_rank_gap,layer_leading_seed,layer_analytic_seed,layer_analytic_bracket,xplusy_A,xplusy_B,xplusy_band,layer_A,layer_Base,layer_band,xplusy_wall_over_layer_wall,xplusy_reported_over_layer_reported,same_exps,layer_exps,xplusy_exps,layer_rank_certified,xplusy_rank_certified,layer_wins_wall
"2,3,5,7,11",1000000000000,0,0,0,0,2.628902965981979,1.2764160279766656,6.704108546022326,5.872445991029963,460168,23036,1.78755,0.678311,11,340,927.461043,923.591024,True,588728,18967092,1998,96338,253796,340,2.0595972695119107,2.6352956092411888,True,"[1052, 26, 33, 53, 4]","[1052, 26, 33, 53, 4]",True,True,True
"2,3,5,7,13",1000000000000,0,0,0,0,1.7829583780257963,0.6962323249899782,5.376937725988682,5.4327816780423746,448772,23536,1.687404,0.672947,11,336,940.037964,936.084531,True,604787,18465439,2035,92531,260716,336,2.5608669894082565,2.5074842446730576,True,"[205, 279, 119, 131, 16]","[205, 279, 119, 131, 16]",True,True,True
"2,3,5,11,13",1000000000000,0,0,0,0,1.5957159419776872,0.8111434610327706,4.6900157339987345,4.581616064009722,416116,24988,1.51983,0.79005,11,334,980.137214,975.958016,True,657434,16990294,3408,81655,283402,334,1.9672425639059914,1.9237136890070248,True,"[254, 220, 258, 4, 52]","[254, 220, 258, 4, 52]",True,True,True
"2,3,7,11,13",1000000000000,0,0,0,0,1.53032392001478,0.7508937329985201,4.357294293004088,4.30455229600193,387612,22824,1.446449,0.732514,11,366,1018.067538,1013.720195,True,709255,15749721,2029,88081,252947,366,2.038003318930078,1.974636662234442,True,"[291, 331, 90, 84, 28]","[291, 331, 90, 84, 28]",True,True,True
"2,5,7,11,13",1000000000000,0,0,0,0,1.9207892660051584,0.7049209500546567,5.626352102030069,5.720072251977399,479564,19096,1.838092,0.675499,11,341,1098.860456,1094.257696,True,564219,19790323,3414,102583,201203,341,2.7248293100896324,2.721087670003953,True,"[106, 306, 164, 53, 32]","[106, 306, 164, 53, 32]",True,True,True
"3,5,7,11,13",1000000000000,0,0,0,0,2.4627647229935974,0.9423774259630591,6.836445469001774,6.7717075680266134,623608,22808,2.345429,0.916352,11,358,1204.887068,1200.08142,True,428056,26068271,3440,123284,241835,358,2.6133528405317903,2.559528434488057,True,"[273, 219, 5, 219, 5]","[273, 219, 5, 219, 5]",True,True,True
