primes,N,xplusy_returncode,layer_returncode,layer_audit_returncode,xplusy_audit_returncode,xplusy_wall_seconds,layer_wall_seconds,layer_audit_wall_seconds,xplusy_audit_wall_seconds,xplusy_max_rss_kb,layer_max_rss_kb,xplusy_reported_seconds,layer_reported_seconds,xplusy_A,xplusy_B,xplusy_band,layer_A,layer_Base,layer_band,xplusy_wall_over_layer_wall,xplusy_reported_over_layer_reported,same_exps,layer_exps,xplusy_exps,layer_rank_certified,xplusy_rank_certified,layer_wins_wall
"2,3,5,7,11",1000000000000,0,0,0,0,2.9497910260106437,1.34034223301569,6.088884892000351,5.5445270870113745,460136,23276,2.020189,0.713702,588728,18967092,1998,96338,253796,829,2.2007745136656554,2.8305777481357763,True,"[1052, 26, 33, 53, 4]","[1052, 26, 33, 53, 4]",True,True,True
"2,3,5,7,13",1000000000000,0,0,0,0,1.9663263840484433,0.7159083400038071,5.3037884119548835,5.468562656955328,448784,23728,1.869945,0.69172,604787,18465439,2035,92531,260716,839,2.746617512568699,2.7033264904874805,True,"[205, 279, 119, 131, 16]","[205, 279, 119, 131, 16]",True,True,True
"2,3,5,11,13",1000000000000,0,0,0,0,1.689815171994269,1.1492685239645652,4.616268262965605,4.528596321993973,416108,31256,1.584261,1.119251,657434,16990294,3408,81655,283402,15776,1.4703397306706105,1.415465342447762,True,"[254, 220, 258, 4, 52]","[254, 220, 258, 4, 52]",True,True,True
"2,3,7,11,13",1000000000000,0,0,0,0,1.518399607972242,0.764075574988965,4.370160615013447,4.493337902997155,387596,29056,1.441588,0.741693,709255,15749721,2029,88081,252947,15701,1.9872374640351136,1.943645146981298,True,"[291, 331, 90, 84, 28]","[291, 331, 90, 84, 28]",True,True,True
"2,5,7,11,13",1000000000000,0,0,0,0,1.89028012403287,0.7706304519670084,5.731220814981498,5.8616891779820435,479616,26244,1.807029,0.741323,564219,19790323,3414,102583,201203,16371,2.452900893298459,2.4375730956681503,True,"[106, 306, 164, 53, 32]","[106, 306, 164, 53, 32]",True,True,True
"3,5,7,11,13",1000000000000,0,0,0,0,2.751641186012421,0.8797960539814085,6.859082735027187,6.717332786007319,623608,30872,2.652196,0.848067,428056,26068271,3440,123284,241835,18205,3.127589824437389,3.127342533078165,True,"[273, 219, 5, 219, 5]","[273, 219, 5, 219, 5]",True,True,True
