label,primes,k,N,rank_radius,refine_steps,adaptive_returncode,corrected_returncode,audit_returncode,same_exps,certified,adaptive_wall_seconds,corrected_wall_seconds,audit_wall_seconds,adaptive_reported_seconds,corrected_reported_seconds,corrected_build_seconds,corrected_count_seconds,corrected_band_seconds,adaptive_max_rss_kb,corrected_max_rss_kb,audit_max_rss_kb,adaptive_wall_over_corrected_wall,adaptive_reported_over_corrected_reported,center_rank_error,final_rank_error,band_count,cands,target_inside,recovered,cert_seconds,ambiguous_possible,ambiguous_resolved,exps
k8_first8,"2,3,5,7,11,13,17,19",8,1000000000000,25,4,0,0,0,True,True,2.0348493919009343,1.093697476084344,4.6452531340764835,1.359622,1.060898,0.418741,0.207891,0.434153,248268,198120,748476,1.860523075527341,1.2815765511858823,1979534.0,-2.0,52,52,True,True,4.17303,1,1,"[75, 28, 9, 16, 3, 22, 5, 1]"
k10_first10,"2,3,5,7,11,13,17,19,23,29",10,1000000000000,25,4,0,0,0,True,True,3.4363798280246556,2.0048466250300407,7.6946396509883925,3.337416,1.933748,0.977834,0.311162,0.644636,756468,418724,1191300,1.7140362684717414,1.725879483779686,309280147.0,-2.0,50,50,True,True,7.66666,1,1,"[71, 29, 3, 1, 10, 2, 1, 2, 0, 3]"
k12_first12,"2,3,5,7,11,13,17,19,23,29,31,37",12,1000000000000,25,4,0,0,0,True,True,7.970556062995456,3.415151137043722,11.134255961049348,7.84081,3.340351,2.009057,0.547141,0.783979,1437144,665856,1957024,2.3338809157052585,2.347301226727371,7857216220.0,-15.0,38,38,True,True,11.103,1,1,"[27, 2, 9, 1, 2, 3, 5, 4, 1, 0, 1, 6]"
