primes,N,corrected_returncode,ma_returncode,audit_returncode,same_exps,certified,corrected_wall_seconds,ma_wall_seconds,audit_wall_seconds,corrected_reported_seconds,ma_reported_seconds,ma_phase_seconds,corrected_max_rss_kb,ma_max_rss_kb,ma_wall_over_corrected_wall,ma_reported_over_corrected_reported,ma_A,ma_B,ma_n_square,ma_padded_a,ma_padded_b,ma_band_count,ma_recovered,ma_skipped,corrected_band_count,exps
"2,3,5,7,11",1000000000000,0,0,0,True,True,2.4298972180113196,8.749337702989578,7.275049117044546,1.504115,8.596461,7.040366,428056,1763784,3.6007027943964744,5.715295040605272,583828,18731384,18731384,18147556,0,494,True,False,495,"[1052, 26, 33, 53, 4]"
"2,3,5,7,11,13",1000000000000,0,0,0,True,True,1.1104496689513326,3.1900038530584425,5.138595575001091,0.965661,3.032764,2.276573,208416,700160,2.8727135882448085,3.140609385695394,4214806,5166940,5166940,952134,0,503,True,False,503,"[55, 126, 27, 54, 2, 52]"
"2,3,5,7,11,13,17,19",1000000000000,0,0,0,True,True,1.7137584540760145,5.722401091945358,8.619520922889933,1.634127,5.587506,3.935002,365272,1055432,3.339094303713082,3.419260559307814,8283636,8512638,8512638,229002,0,480,True,False,471,"[75, 28, 9, 16, 3, 22, 5, 1]"
