primes,N,corrected_returncode,ma_returncode,audit_returncode,same_exps,certified,corrected_wall_seconds,ma_wall_seconds,audit_wall_seconds,corrected_reported_seconds,ma_reported_seconds,ma_phase_seconds,corrected_max_rss_kb,ma_max_rss_kb,ma_wall_over_corrected_wall,ma_reported_over_corrected_reported,ma_A,ma_B,ma_n_square,ma_padded_a,ma_padded_b,ma_band_count,ma_recovered,ma_skipped,corrected_band_count,exps
"2,3,5,7,11",1000000000000,0,0,0,True,True,1.9133994789999633,7.203546243000346,6.261377912000171,1.138775,7.042564,5.806278,427984,1763764,3.764789487015683,6.184333165023818,583828,18731384,18731384,18147556,0,494,True,False,495,"[1052, 26, 33, 53, 4]"
"2,3,5,7,11,13",1000000000000,0,0,0,True,True,0.6760462629999893,2.5712252610001087,4.515304192000258,0.586068,2.444711,1.796478,208336,700100,3.803327378203627,4.171377724086624,4214806,5166940,5166940,952134,0,503,True,False,503,"[55, 126, 27, 54, 2, 52]"
"2,3,5,7,11,13,17,19",1000000000000,0,0,0,True,True,1.362105201000304,4.791197665000254,6.806280505999894,1.289645,4.661846,3.286213,365204,1055424,3.517494582269923,3.614828887019296,8283636,8512638,8512638,229002,0,480,True,False,471,"[75, 28, 9, 16, 3, 22, 5, 1]"
