primes,N,corrected_returncode,ma_returncode,audit_returncode,same_exps,certified,corrected_wall_seconds,ma_wall_seconds,audit_wall_seconds,corrected_reported_seconds,ma_reported_seconds,ma_phase_seconds,corrected_max_rss_kb,ma_max_rss_kb,ma_wall_over_corrected_wall,ma_reported_over_corrected_reported,ma_A,ma_B,ma_n_square,ma_padded_a,ma_padded_b,ma_band_count,ma_recovered,ma_skipped,corrected_band_count,exps
"2,3,5,7,11",1000000000000,0,0,0,True,True,1.6037798909237608,6.200187870999798,5.472311606979929,0.941779,6.067121,4.860684,427948,1763780,3.8659842950322525,6.442191851803873,583828,18731384,18731384,18147556,0,494,True,False,495,"[1052, 26, 33, 53, 4]"
"2,3,5,7,11,13",1000000000000,0,0,0,True,True,0.6151014149654657,2.1470895999809727,3.933411870035343,0.547056,2.051695,1.476059,208340,700096,3.490626988886896,3.7504295721096197,4214806,5166940,5166940,952134,0,503,True,False,503,"[55, 126, 27, 54, 2, 52]"
"2,3,5,7,11,13,17,19",1000000000000,0,0,0,True,True,1.37150907702744,4.426069670007564,5.8301972260233015,1.306208,4.326493,2.910884,365228,1055476,3.2271530273794977,3.312254250471594,8283636,8512638,8512638,229002,0,480,True,False,471,"[75, 28, 9, 16, 3, 22, 5, 1]"
