primes,N,corrected_returncode,ma_returncode,audit_returncode,same_exps,certified,corrected_wall_seconds,ma_wall_seconds,audit_wall_seconds,corrected_reported_seconds,ma_reported_seconds,ma_phase_seconds,corrected_max_rss_kb,ma_max_rss_kb,ma_wall_over_corrected_wall,ma_reported_over_corrected_reported,ma_A,ma_B,ma_n_square,ma_padded_a,ma_padded_b,ma_band_count,ma_recovered,ma_skipped,corrected_band_count,exps
"2,3,5,7,11",1000000000000,0,0,0,True,True,1.7987276919998294,7.412141922000046,6.225937799000349,1.135839,7.244946,5.992245,428008,1763776,4.120769338775904,6.378497304635603,583828,18731384,18731384,18147556,0,494,True,False,495,"[1052, 26, 33, 53, 4]"
"2,3,5,7,11,13",1000000000000,0,0,0,True,True,0.6757583429998704,2.564761908000037,4.4252635469997585,0.590479,2.429631,1.792432,208328,700092,3.7953832676550894,4.114678083386539,4214806,5166940,5166940,952134,0,503,True,False,503,"[55, 126, 27, 54, 2, 52]"
"2,3,5,7,11,13,17,19",1000000000000,0,0,0,True,True,1.3551443180003844,4.855988986000284,6.820762778000244,1.273364,4.729742,3.361469,365220,1055424,3.5833740521198916,3.7143676120889237,8283636,8512638,8512638,229002,0,480,True,False,471,"[75, 28, 9, 16, 3, 22, 5, 1]"
