primes,N,returncode,wall_seconds,max_rss_kb,A,B,linear_total,best_block_total,block_over_linear,best_leaf,range_pruning_wins,block_log_delta,ma_skipped,ma_sec,ma_over_linear,ma_log_delta,ma_n_square,ma_padded_a,ma_padded_b,ma_wins_linear,ma_reason,matselect2_skipped,matselect2_sec,matselect2_over_linear,matselect2_log_delta,matselect2_iterations,matselect2_rep_pops,matselect2_base_pops,matselect2_removed,matselect2_max_active_rows,matselect2_wins_linear,matselect2_reason,loh_N_probe,loh_skipped,loh_sec,loh_cand,loh_pairs,loh_reason
"2,3,5,7,11",1000000,0,0.07145518600009382,31504,2410,5457,0.000497,0.000449,0.9034205231388329,8192,True,0.0,False,0.0008,1.6096579476861166,0.0,5457,3047,0,False,,False,0.003803,7.651911468812877,0.0,9,21690,4670,995330,2410,False,,1000000,False,0.042071,1783849,486,
"2,3,5,7,11,13",1000000,0,0.07139170399932482,31860,5008,6153,0.000796,0.00078,0.9798994974874371,512,True,0.0,False,0.002333,2.930904522613065,0.0,6153,1145,0,False,,False,0.008184,10.28140703517588,0.0,8,40064,8416,991584,5008,False,,1000000,False,0.035434,1810744,500,
"2,3,5,7,11,13,17,19",1000000,0,0.08423178599969106,31908,9420,16459,0.001442,0.001102,0.7642163661581137,8192,True,0.0,False,0.002861,1.9840499306518724,0.0,16459,7039,0,False,,False,0.015757,10.927184466019419,0.0,7,65940,10900,989100,9420,False,,1000000,False,0.037855,1781200,512,
