primes,N,returncode,wall_seconds,max_rss_kb,A,B,linear_total,best_block_total,block_over_linear,best_leaf,range_pruning_wins,block_log_delta,ma_skipped,ma_sec,ma_over_linear,ma_log_delta,ma_n_square,ma_padded_a,ma_padded_b,ma_wins_linear,ma_reason,matselect2_skipped,matselect2_sec,matselect2_over_linear,matselect2_log_delta,matselect2_iterations,matselect2_rep_pops,matselect2_base_pops,matselect2_removed,matselect2_max_active_rows,matselect2_wins_linear,matselect2_reason,loh_N_probe,loh_skipped,loh_sec,loh_cand,loh_pairs,loh_reason
"2,3,5,7,11",1000000,0,0.07037161300013395,31504,2410,5457,0.000461,0.00048,1.0412147505422995,512,False,0.0,False,0.001341,2.9088937093275486,0.0,5457,3047,0,False,,False,0.004066,8.819956616052062,0.0,9,21690,4670,995330,2410,False,,1000000,False,0.043054,1783849,486,
"2,3,5,7,11,13",1000000,0,0.06943376000072021,31780,5008,6153,0.000826,0.000775,0.9382566585956416,2048,True,0.0,False,0.001454,1.7602905569007263,0.0,6153,1145,0,False,,False,0.007367,8.918886198547215,0.0,8,40064,8416,991584,5008,False,,1000000,False,0.037839,1810744,500,
"2,3,5,7,11,13,17,19",1000000,0,0.08169006700063619,31960,9420,16459,0.001133,0.000997,0.8799646954986762,8192,True,0.0,False,0.004392,3.876434245366285,0.0,16459,7039,0,False,,False,0.012876,11.364518976169464,0.0,7,65940,10900,989100,9420,False,,1000000,False,0.038988,1781200,512,
