primes,N,returncode,wall_seconds,max_rss_kb,A,B,linear_total,best_block_total,block_over_linear,best_leaf,range_pruning_wins,block_log_delta,ma_skipped,ma_sec,ma_over_linear,ma_log_delta,ma_n_square,ma_padded_a,ma_padded_b,ma_wins_linear,ma_reason,loh_N_probe,loh_skipped,loh_sec,loh_cand,loh_pairs,loh_reason
"2,3,5,7,11",1000000,0,0.0684645229484886,31336,2410,5457,0.000689,0.000562,0.8156748911465892,8192,True,0.0,False,0.001353,1.9637155297532656,0.0,5457,3047,0,False,,1000000,False,0.03856,1783849,486,
"2,3,5,7,11,13",1000000,0,0.06362893898040056,31664,5008,6153,0.000952,0.000826,0.8676470588235294,8192,True,0.0,False,0.001295,1.3602941176470587,0.0,6153,1145,0,False,,1000000,False,0.036452,1810744,500,
"2,3,5,7,11,13,17,19",1000000,0,0.06852918793447316,31928,9420,16459,0.00133,0.001153,0.8669172932330826,8192,True,0.0,False,0.00364,2.736842105263158,0.0,16459,7039,0,False,,1000000,False,0.03735,1781200,512,
