primes,N,returncode,wall_seconds,max_rss_kb,A,B,linear_total,best_block_total,block_over_linear,best_leaf,range_pruning_wins,block_log_delta,ma_skipped,ma_sec,ma_over_linear,ma_log_delta,ma_n_square,ma_padded_a,ma_padded_b,ma_wins_linear,ma_reason,matselect2_skipped,matselect2_sec,matselect2_over_linear,matselect2_log_delta,matselect2_iterations,matselect2_rep_pops,matselect2_base_pops,matselect2_removed,matselect2_max_active_rows,matselect2_wins_linear,matselect2_reason,loh_N_probe,loh_skipped,loh_sec,loh_cand,loh_pairs,loh_reason
"2,3,5,7,11",1000000,0,0.07451491400024679,31380,2410,5457,0.000479,0.000464,0.9686847599164927,8192,True,0.0,False,0.001119,2.336116910229645,0.0,5457,3047,0,False,,False,0.004652,9.711899791231733,0.0,9,21690,4670,995330,2410,False,,1000000,False,0.045781,1783849,486,
"2,3,5,7,11,13",1000000,0,0.06830479900008868,31812,5008,6153,0.000742,0.000751,1.0121293800539084,512,False,0.0,False,0.001228,1.654986522911051,0.0,6153,1145,0,False,,False,0.009108,12.274932614555254,0.0,8,40064,8416,991584,5008,False,,1000000,False,0.036223,1810744,500,
"2,3,5,7,11,13,17,19",1000000,0,0.08331455500001539,31916,9420,16459,0.00187,0.001028,0.5497326203208557,8192,True,0.0,False,0.002564,1.3711229946524064,0.0,16459,7039,0,False,,False,0.016282,8.706951871657756,0.0,7,65940,10900,989100,9420,False,,1000000,False,0.03597,1781200,512,
