primes,N,returncode,wall_seconds,max_rss_kb,A,B,linear_total,best_block_total,block_over_linear,best_leaf,range_pruning_wins,block_log_delta,ma_skipped,ma_sec,ma_over_linear,ma_log_delta,ma_n_square,ma_padded_a,ma_padded_b,ma_wins_linear,ma_reason,matselect2_skipped,matselect2_sec,matselect2_over_linear,matselect2_log_delta,matselect2_iterations,matselect2_rep_pops,matselect2_base_pops,matselect2_removed,matselect2_max_active_rows,matselect2_wins_linear,matselect2_reason,loh_N_probe,loh_skipped,loh_sec,loh_cand,loh_pairs,loh_reason
"2,3,5,7,11",1000000,0,0.07198781900024187,31492,2410,5457,0.000481,0.000512,1.0644490644490645,512,False,0.0,False,0.001196,2.4864864864864864,0.0,5457,3047,0,False,,False,0.003734,7.762993762993763,0.0,9,21690,4670,995330,2410,False,,1000000,False,0.045896,1783849,486,
"2,3,5,7,11,13",1000000,0,0.07007508699962273,31864,5008,6153,0.000894,0.000778,0.8702460850111857,2048,True,0.0,False,0.00116,1.297539149888143,0.0,6153,1145,0,False,,False,0.009513,10.640939597315436,0.0,8,40064,8416,991584,5008,False,,1000000,False,0.034402,1810744,500,
"2,3,5,7,11,13,17,19",1000000,0,0.0817577570001049,31808,9420,16459,0.001191,0.001114,0.9353484466834593,512,True,0.0,False,0.002667,2.239294710327456,0.0,16459,7039,0,False,,False,0.014409,12.09823677581864,0.0,7,65940,10900,989100,9420,False,,1000000,False,0.035475,1781200,512,
