primes,N,returncode,wall_seconds,max_rss_kb,A,B,linear_total,best_block_total,block_over_linear,best_leaf,range_pruning_wins,block_log_delta,ma_skipped,ma_sec,ma_over_linear,ma_log_delta,ma_n_square,ma_padded_a,ma_padded_b,ma_wins_linear,ma_reason,loh_N_probe,loh_skipped,loh_sec,loh_cand,loh_pairs,loh_reason
"2,3,5,7,11",1000000,0,0.06748306704685092,31408,2410,5457,0.000598,0.000529,0.8846153846153846,8192,True,0.0,False,0.001114,1.8628762541806019,0.0,5457,3047,0,False,,1000000,False,0.042269,1783849,486,
"2,3,5,7,11,13",1000000,0,0.0673038880340755,31632,5008,6153,0.000933,0.000866,0.9281886387995713,8192,True,0.0,False,0.001335,1.4308681672025723,0.0,6153,1145,0,False,,1000000,False,0.037976,1810744,500,
"2,3,5,7,11,13,17,19",1000000,0,0.07068713405169547,31800,9420,16459,0.001508,0.001198,0.7944297082228117,8192,True,0.0,False,0.0035,2.320954907161804,0.0,16459,7039,0,False,,1000000,False,0.038652,1781200,512,
