primes,N,returncode,wall_seconds,max_rss_kb,A,B,linear_total,best_block_total,block_over_linear,best_leaf,range_pruning_wins,block_log_delta,ma_skipped,ma_sec,ma_over_linear,ma_log_delta,ma_n_square,ma_padded_a,ma_padded_b,ma_wins_linear,ma_reason,loh_N_probe,loh_skipped,loh_sec,loh_cand,loh_pairs,loh_reason
"2,3,5,7,11",1000000,0,0.07272632408421487,31452,2410,5457,0.000471,0.000414,0.8789808917197451,8192,True,0.0,False,0.001244,2.6411889596602975,0.0,5457,3047,0,False,,1000000,False,0.047909,1783849,486,
"2,3,5,7,11,13",1000000,0,0.0685968609759584,31728,5008,6153,0.001012,0.00077,0.7608695652173912,8192,True,0.0,False,0.001454,1.4367588932806323,0.0,6153,1145,0,False,,1000000,False,0.038262,1810744,500,
"2,3,5,7,11,13,17,19",1000000,0,0.06669122097082436,31896,9420,16459,0.001037,0.000931,0.8977820636451302,8192,True,0.0,False,0.002799,2.6991321118611378,0.0,16459,7039,0,False,,1000000,False,0.040184,1781200,512,
