primes,N,corrected_returncode,ma_returncode,audit_returncode,same_exps,certified,corrected_wall_seconds,ma_wall_seconds,audit_wall_seconds,corrected_reported_seconds,ma_reported_seconds,ma_phase_seconds,corrected_max_rss_kb,ma_max_rss_kb,ma_wall_over_corrected_wall,ma_reported_over_corrected_reported,ma_A,ma_B,ma_n_square,ma_padded_a,ma_padded_b,ma_band_count,ma_recovered,ma_skipped,corrected_band_count,exps
"2,3,5,7,11",1000000000000,0,0,0,True,True,2.306324914970901,10.327856191957835,5.962374488997739,1.436894,10.167795,8.07641,428088,1427020,4.478057764071869,7.07623178884455,583828,18731384,18731384,18147556,0,494,True,False,495,"[1052, 26, 33, 53, 4]"
"2,3,5,7,13",1000000000000,0,0,0,True,True,1.4621740090078674,8.762559173977934,5.913863259018399,1.377931,8.633177,7.048237,417460,1717700,5.992829252876417,6.265318800433403,599715,18234176,18234176,17634461,0,496,True,False,495,"[205, 279, 119, 131, 16]"
"2,3,5,11,13",1000000000000,0,0,0,True,True,1.2896032570279203,6.511643612000626,5.038187965983525,1.211041,6.272188,4.882822,386356,1711596,5.049338683439481,5.179170647401698,651844,16774575,16774575,16122731,0,500,True,False,504,"[254, 220, 258, 4, 52]"
"2,3,7,11,13",1000000000000,0,0,0,True,True,1.2973633499932475,6.583540531049948,5.0075378700275905,1.20858,6.409858,5.174579,360480,1589164,5.074554118616202,5.303627397441626,703216,15549479,15549479,14846263,0,504,True,False,515,"[291, 331, 90, 84, 28]"
"2,5,7,11,13",1000000000000,0,0,0,True,True,1.4699832439655438,9.438765728031285,6.838336433982477,1.386535,9.287146,7.814691,445448,1839028,6.421002257528133,6.698097054888625,559508,19543443,19543443,18983935,0,486,True,False,488,"[106, 306, 164, 53, 32]"
"3,5,7,11,13",1000000000000,0,0,0,True,True,2.01978248503292,14.510070306016132,7.314032296999358,1.887174,14.364073,12.229094,579736,2020080,7.1839766972628425,7.611419508746941,424653,25758466,25758466,25333813,0,505,True,False,505,"[273, 219, 5, 219, 5]"
