primes,N,xplusy_returncode,layer_returncode,audit_returncode,xplusy_wall_seconds,layer_wall_seconds,audit_wall_seconds,xplusy_max_rss_kb,layer_max_rss_kb,audit_max_rss_kb,xplusy_reported_total_over_layer_reported,xplusy_wall_over_layer_wall,layer_exps,rank_certified,certified_count_le,layer_wins_wall
"2,3,5,7,11",1000000000000,0,0,0,2.1224710009992123,1.3673175359726883,6.7790137269767,153456,23256,997012,1.5808539197411922,1.5522882908755495,"[1052, 26, 33, 53, 4]",True,1000000000000,True
"2,3,5,7,13",1000000000000,0,0,0,1.1091133980080485,0.7725920869852416,5.778686012024991,149692,23700,997296,1.4339013278382178,1.435574369310406,"[205, 279, 119, 131, 16]",True,1000000000000,True
"2,3,5,11,13",1000000000000,0,0,0,1.0102137140347622,0.8511985710356385,4.675646523013711,138540,31228,605264,1.187220553357754,1.1868132165748972,"[254, 220, 258, 4, 52]",True,1000000000000,True
"2,3,7,11,13",1000000000000,0,0,0,1.1765890919486992,0.7979911800357513,4.521733322006185,129264,29068,606356,1.4788976049154414,1.474438717350217,"[291, 331, 90, 84, 28]",True,1000000000000,True
"2,5,7,11,13",1000000000000,0,0,0,1.4618048549746163,1.032364241022151,5.830391809984576,159688,26244,996380,1.4366905198415045,1.415977807917168,"[106, 306, 164, 53, 32]",True,1000000000000,True
"3,5,7,11,13",1000000000000,0,0,0,1.6470295750186779,0.8611984960152768,6.945322102983482,207688,30840,993360,1.9070644353248416,1.9124854288986837,"[273, 219, 5, 219, 5]",True,1000000000000,True
