{
  "exps": [
    55,
    126,
    27,
    54,
    2,
    52
  ],
  "seconds": 0.589644,
  "digits": 202,
  "raw": "sums_only_mitm P=(2,3,5,7,11,13) k=6 N=1000000000000 seconds=0.589644 build=0.121109 count=0.152006 band_phase=0.279769 A=4356057 B=5340079 band=5905 calls=12 gap=5905 exps=[55,126,27,54,2,52] digits=202 splitA=[3,5,11] splitB=[2,7,13]",
  "method": "sums",
  "primes": [
    2,
    3,
    5,
    7,
    11,
    13
  ],
  "N": 1000000000000
}
