{
  "exps": [
    1052,
    26,
    33,
    53,
    4
  ],
  "seconds": 0.734345,
  "digits": 402,
  "raw": "layer_compressed P=(2,3,5,7,11) k=5 N=1000000000000 seconds=0.734345 build=0.214608 count_phase=0.332652 band_phase=0.095671 exact=0.002363 calls=12 rank_gap=829 A=96338 Base=253796 band=829 exps=[1052,26,33,53,4] digits=402 splitA=[7,11] splitBase=[3,5] outer=2",
  "method": "layer5",
  "primes": [
    2,
    3,
    5,
    7,
    11
  ],
  "N": 1000000000000
}
