primes,N,returncode,wall_seconds,max_rss_kb,A,B,linear_total,best_block_total,block_over_linear,best_leaf,range_pruning_wins,block_log_delta,loh_N_probe,loh_skipped,loh_sec,loh_cand,loh_pairs,loh_reason
"2,3,5,7,11",1000000000000,0,4.701049363997299,183904,588728,18967092,0.621935,0.97239,1.5634913616374702,2048,False,0.0,1000000,False,0.046326,1785136,486,
"2,3,5,7,13",1000000000000,0,3.532872981042601,180316,604787,18465439,0.59831,0.750283,1.2540037773060788,8192,False,0.0,1000000,False,0.042101,1807583,487,
"2,3,5,11,13",1000000000000,0,3.6122729780036025,169040,657434,16990294,0.717543,0.703218,0.980036039651979,8192,True,0.0,1000000,False,0.050068,1787959,488,
"2,3,7,11,13",1000000000000,0,3.0525023119989783,159444,709255,15749721,0.598486,0.585925,0.979012040381897,8192,True,0.0,1000000,False,0.033767,1745778,487,
"2,5,7,11,13",1000000000000,0,4.320058003999293,190268,564219,19790323,0.595853,0.936939,1.572433133675588,8192,False,0.0,1000000,False,0.053414,1796212,487,
"3,5,7,11,13",1000000000000,0,5.354843953973614,238248,428056,26068271,0.94745,1.114651,1.1764747480078104,8192,False,0.0,1000000,False,0.045728,1787033,482,
