primes,N,returncode,wall_seconds,max_rss_kb,A,B,linear_total,best_block_total,block_over_linear,best_leaf,range_pruning_wins,block_log_delta,ma_skipped,ma_sec,ma_over_linear,ma_log_delta,ma_n_square,ma_padded_a,ma_padded_b,ma_wins_linear,ma_reason,loh_N_probe,loh_skipped,loh_sec,loh_cand,loh_pairs,loh_reason
"2,3,5,7,11",1000000000000,0,11.495860097988043,1475752,588728,18967092,0.660537,1.004498,1.520729345971535,8192,False,0.0,False,6.53454,9.892769065169702,0.0,18967092,18378364,0,False,,1000000,False,0.028856,1785136,486,
"2,3,5,7,13",1000000000000,0,7.982555844006129,1441576,604787,18465439,0.690694,0.629582,0.911520876104324,8192,True,0.0,False,4.566296,6.611170793433851,0.0,18465439,17860652,0,False,,1000000,False,0.027748,1807583,487,
"2,3,5,11,13",1000000000000,0,9.558279674965888,1854040,657434,16990294,0.531501,0.711579,1.3388102750512227,8192,False,0.0,False,6.023064,11.332178114434404,0.0,16990294,16332860,0,False,,1000000,False,0.033946,1787959,488,
"2,3,7,11,13",1000000000000,0,7.80284398799995,1348528,709255,15749721,0.457047,0.684666,1.4980209912766083,8192,False,0.0,False,4.437861,9.709856973134054,0.0,15749721,15040466,0,False,,1000000,False,0.038534,1745778,487,
"2,5,7,11,13",1000000000000,0,11.690499722957611,1544220,564219,19790323,0.673154,1.06256,1.578479812940278,8192,False,0.0,False,6.700831,9.954380424093149,0.0,19790323,19226104,0,False,,1000000,False,0.032943,1796212,487,
"3,5,7,11,13",1000000000000,0,13.443622750986833,2030928,428056,26068271,0.888153,1.094896,1.2327785865723588,8192,False,0.0,False,7.926858,8.92510412057382,0.0,26068271,25640215,0,False,,1000000,False,0.033831,1787033,482,
