primes,N,returncode,wall_seconds,max_rss_kb,A,B,linear_total,best_block_total,block_over_linear,best_leaf,range_pruning_wins,block_log_delta,ma_skipped,ma_sec,ma_over_linear,ma_log_delta,ma_n_square,ma_padded_a,ma_padded_b,ma_wins_linear,ma_reason,loh_N_probe,loh_skipped,loh_sec,loh_cand,loh_pairs,loh_reason
"2,3,5,7,11",1000000000000,0,14.393216153024696,1475764,588728,18967092,1.062584,1.023656,0.9633647786904376,8192,True,0.0,False,6.819068,6.417438997763941,0.0,18967092,18378364,0,False,,1000000,False,0.04376,1785136,486,
"2,3,5,7,13",1000000000000,0,9.453441991005093,1441480,604787,18465439,0.657743,0.810564,1.232341507245231,8192,False,0.0,False,5.562616,8.4571268717417,0.0,18465439,17860652,0,False,,1000000,False,0.033762,1807583,487,
"2,3,5,11,13",1000000000000,0,11.620346040988807,1854044,657434,16990294,0.712644,0.706035,0.9907260848333809,8192,True,0.0,False,7.858682,11.0275004069353,0.0,16990294,16332860,0,False,,1000000,False,0.029931,1787959,488,
"2,3,7,11,13",1000000000000,0,7.733515708998311,1348480,709255,15749721,0.583441,0.786766,1.3484928210393168,2048,False,0.0,False,4.107915,7.040840462017583,0.0,15749721,15040466,0,False,,1000000,False,0.036617,1745778,487,
"2,5,7,11,13",1000000000000,0,11.973836196993943,1544148,564219,19790323,0.749615,1.038837,1.385827391394249,8192,False,0.0,False,6.779213,9.043593044429475,0.0,19790323,19226104,0,False,,1000000,False,0.038218,1796212,487,
"3,5,7,11,13",1000000000000,0,18.697194395994302,2031084,428056,26068271,0.888561,1.544799,1.7385401790085317,512,False,0.0,False,10.945879,12.318657919940216,0.0,26068271,25640215,0,False,,1000000,False,0.048415,1787033,482,
