primes,N,returncode,wall_seconds,max_rss_kb,A,B,linear_total,best_block_total,block_over_linear,best_leaf,range_pruning_wins,block_log_delta,ma_skipped,ma_sec,ma_over_linear,ma_log_delta,ma_n_square,ma_padded_a,ma_padded_b,ma_wins_linear,ma_reason,matselect2_skipped,matselect2_sec,matselect2_over_linear,matselect2_log_delta,matselect2_iterations,matselect2_rep_pops,matselect2_base_pops,matselect2_removed,matselect2_max_active_rows,matselect2_wins_linear,matselect2_reason,loh_N_probe,loh_skipped,loh_sec,loh_cand,loh_pairs,loh_reason
"2,3,5,7,11",1000000000000,0,18.522555504999673,1475740,588728,18967092,0.628564,0.94107,1.4971745120624151,8192,False,0.0,False,5.956272,9.475999261809458,0.0,18967092,18378364,0,False,,False,8.034516,12.782335609420839,0.0,21,12363288,748672,999999251328,588728,False,,1000000,False,0.02023,1785136,486,
"2,3,5,7,11,13",1000000000000,0,4.207385255999725,511392,4356057,5340079,0.480929,0.587816,1.222251101513945,8192,False,0.0,False,1.448888,3.012685864233598,0.0,5340079,984022,0,False,,True,0.0,,0.0,0,0,0,0,4356057,False,active_row_cap_exceeded,1000000,False,0.02884,1810911,500,
"2,3,5,7,11,13,17,19",1000000000000,0,8.625674883000102,1224760,9597634,9865372,0.782624,0.953807,1.2187295559553502,8192,False,0.0,False,3.910572,4.996744285889521,0.0,9865372,267738,0,False,,True,0.0,,0.0,0,0,0,0,9597634,False,active_row_cap_exceeded,1000000,False,0.028789,1813958,516,
