primes,N,returncode,wall_seconds,max_rss_kb,A,B,linear_total,best_block_total,block_over_linear,best_leaf,range_pruning_wins,block_log_delta,ma_skipped,ma_sec,ma_over_linear,ma_log_delta,ma_n_square,ma_padded_a,ma_padded_b,ma_wins_linear,ma_reason,matselect2_skipped,matselect2_sec,matselect2_over_linear,matselect2_log_delta,matselect2_iterations,matselect2_rep_pops,matselect2_base_pops,matselect2_removed,matselect2_max_active_rows,matselect2_wins_linear,matselect2_reason,loh_N_probe,loh_skipped,loh_sec,loh_cand,loh_pairs,loh_reason
"2,3,5,7,11",1000000000000,0,18.613790037999934,1475720,588728,18967092,0.619573,0.94471,1.5247759343935259,8192,False,0.0,False,5.93471,9.578709853399033,0.0,18967092,18378364,0,False,,False,8.091022,13.0590293637715,0.0,21,12363288,748672,999999251328,588728,False,,1000000,False,0.018353,1785136,486,
"2,3,5,7,11,13",1000000000000,0,4.205566940999688,511380,4356057,5340079,0.467507,0.541168,1.1575612771573474,8192,False,0.0,False,1.488711,3.184360875879933,0.0,5340079,984022,0,False,,True,0.0,,0.0,0,0,0,0,4356057,False,active_row_cap_exceeded,1000000,False,0.02994,1810911,500,
"2,3,5,7,11,13,17,19",1000000000000,0,8.651831645999664,1224820,9597634,9865372,0.797101,0.947204,1.188311142502644,8192,False,0.0,False,3.905507,4.899638816160061,0.0,9865372,267738,0,False,,True,0.0,,0.0,0,0,0,0,9597634,False,active_row_cap_exceeded,1000000,False,0.032929,1813958,516,
