label,primes,k,N,certified,fastest_wall_method,heap_wall_seconds,dp_wall_seconds,current_method,current_wall_seconds,heap_over_current_wall_ratio,exps,all_successful_exps_match,audit_returncode,audit_stderr,audit_wall_seconds,current_max_rss_kb,current_reported_seconds,dp_max_rss_kb,dp_reported_seconds,fastest_wall_seconds,heap_max_heap,heap_max_rss_kb,heap_over_dp_wall_ratio,heap_pushes,heap_reported_seconds
k3_N1e7,"2,3,5",3,10000000,True,current_beatty3,2.1866983029758558,0.7983306900132447,current_beatty3,0.5572948560584337,3.923772629881542,"80,92,162",True,0,,0.5427616880042478,708,0.008268,127596,0.305177,0.5572948560584337,115408,161680,2.7390883631688734,10115407,1.578123
k5_N1e7,"2,3,5,7,11",5,10000000,True,current_sums_adaptive,1.877598736085929,0.6440268119331449,current_sums_adaptive,0.47112616093363613,3.9853417020296007,"9,26,15,8,6",True,0,,0.015691385022364557,1220,0.002835,127596,0.440425,0.47112616093363613,1334442,220984,2.9154046093982164,11334441,1.826353
k6_N1e7,"2,3,5,7,11,13",6,10000000,True,current_sums_adaptive,2.0872633589897305,0.6261871280148625,current_sums_adaptive,0.013826942071318626,150.95625252667855,"35,3,6,7,0,5",True,0,,0.012583062052726746,1356,0.003215,127596,0.515867,0.013826942071318626,2420210,241380,3.3332901070751317,12420209,2.027412
k8_N1e7,"2,3,5,7,11,13,17,19",8,10000000,True,current_sums_adaptive,2.3448285539634526,0.829500419087708,current_sums_adaptive,0.01592300005722791,147.26047513257825,"8,2,3,3,7,1,0,2",True,0,,0.015240579028613865,2100,0.006358,127596,0.723684,0.01592300005722791,5481638,416480,2.8267961052295982,15481637,2.28465
