label,primes,N,returncode,wall_seconds,reported_seconds,build_seconds,count_phase_seconds,k,T,analytic_count,analytic_derivative,layer_count,expected_N,residual_expected_minus_analytic,residual_layer_minus_analytic,residual_layer_minus_expected,relative_residual,A,Base,splitA,splitBase,outer,digits,exps
k5_P2_3_5_7_11,"2,3,5,7,11",1000000000000,0,1.1449173819855787,0.184802,0.117569,0.06717,5,923.591024,1000000000071.0839,5391076448.621829,1000000000000,1000000000000,-71.083878,-71.083878,0.0,-0.0,91837,241925,"[7, 11]","[3, 5]",2,402,"[1052, 26, 33, 53, 4]"
k5_P2_3_5_7_13,"2,3,5,7,13",1000000000000,0,0.20239368797047064,0.170161,0.120102,0.049971,5,936.084531,999999999938.8145,5318948810.991179,1000000000000,1000000000000,61.185536,61.185536,0.0,0.0,88206,248507,"[7, 13]","[3, 5]",2,407,"[205, 279, 119, 131, 16]"
k5_P2_3_5_11_13,"2,3,5,11,13",1000000000000,0,0.25375146500300616,0.213511,0.169701,0.043727,5,975.958016,1000000000020.2788,5101341257.229017,999999999999,1000000000000,-20.278783,-21.278783,-1.0,-0.0,77825,270095,"[11, 13]","[3, 5]",2,424,"[254, 220, 258, 4, 52]"
k5_P2_3_7_11_13,"2,3,7,11,13",1000000000000,0,0.1977797329891473,0.170038,0.134319,0.03565,5,1013.720195,999999999964.8365,4911279582.834452,1000000000000,1000000000000,35.163448,35.163448,0.0,0.0,83950,241069,"[11, 13]","[3, 7]",2,441,"[291, 331, 90, 84, 28]"
k5_P2_5_7_11_13,"2,5,7,11,13",1000000000000,0,0.16095931601012126,0.137243,0.100699,0.036424,5,1094.257696,1000000000166.3885,4550180340.370217,1000000000000,1000000000000,-166.388496,-166.388496,0.0,-0.0,97784,191789,"[11, 13]","[5, 7]",2,476,"[106, 306, 164, 53, 32]"
k5_P3_5_7_11_13,"3,5,7,11,13",1000000000000,0,0.17208465095609426,0.147425,0.103515,0.043854,5,1200.08142,1000000000093.6122,4149775994.535069,999999999999,1000000000000,-93.612146,-94.612146,-1.0,-0.0,117565,230611,"[11, 13]","[5, 7]",3,522,"[273, 219, 5, 219, 5]"
k6_first6,"2,3,5,7,11,13",1000000000000,0,1.4301922040176578,1.377602,1.204753,0.172729,6,463.255372,999999999547.1735,12809777586.262388,1000000000000,1000000000000,452.826543,452.826543,0.0,0.0,61042,1415628,"[3, 5]","[7, 11, 13]",2,202,"[55, 126, 27, 54, 2, 52]"
k8_first8,"2,3,5,7,11,13,17,19",1000000000000,0,1.5996382519952022,1.544812,1.121599,0.422783,8,209.099764,999998020235.2937,36858875270.84981,1000000000000,1000000000000,1979764.706268,1979764.706268,0.0,2e-06,457792,1717623,"[3, 5, 7]","[11, 13, 17, 19]",2,91,"[75, 28, 9, 16, 3, 22, 5, 1]"
